nama_ilmiah,nama_indonesia,nama_inggris,famili,kelompok,iucn,status_nasional,total_individu,jumlah_lokasi
Anarhynchus atrifrons,Cerekpasir tibet,Tibetan Sand Plover,Charadriidae,BURUNG PANTAI (CEREK),LC,Non-protected,8667,11
Egretta garzetta,Kuntul Kecil,Little Egret,Ardeidae,KUNTUL & CANGAK,NE,Non-protected,8560,80
Ardeola speciosa,Blekok Sawah,Javan Pond Heron,Ardeidae,KUNTUL & CANGAK,LC,Non-protected,5743,44
Ardea coromanda,Kuntul Kerbau ,Eastern Cattle Egret,Ardeidae,KUNTUL & CANGAK,NE,Non-protected,3072,41
Anarhynchus leschenaultii,Cerekpasir Besar,Greater Sand Plover,Charadriidae,BURUNG PANTAI (CEREK),LC,Non-protected,2782,20
Calidris tenuirostris,Kedidi Besar,Great Knot,Scolopacidae,BURUNG PANTAI (KEDIDI),EN,Non-protected,2204,6
Numenius phaeopus,Gajahan Pengala,Eurasian Whimbrel,Scolopacidae,BURUNG PANTAI (GAJAHAN & GODWIT),NE,Protected,1882,39
Pluvialis fulva,Cerek Kernyut,Pacific Golden Plover,Charadriidae,BURUNG PANTAI (CEREK),LC,Non-protected,1862,27
Ardea alba,Cangak Besar,Great Egret,Ardeidae,KUNTUL & CANGAK,LC,Protected,1621,55
Actitis hypoleucos,Trinil Pantai,Common Sandpiper,Scolopacidae,BURUNG PANTAI (TRINIL),LC,Non-protected,1204,61
Tringa totanus,Trinil Kaki-merah,Common Redshank,Scolopacidae,BURUNG PANTAI (TRINIL),LC,Non-protected,1101,16
Himantopus himantopus leucocephalus,Gagang-bayam belang (ras 'timur'),Black-winged Stilt,Recurvirostridae,"BURUNG PANTAI (STILT, TERIK, & WILIWILI)",NE,Protected,1080,13
Ardea intermedia,Kuntul Perak,Medium Egret,Ardeidae,KUNTUL & CANGAK,LC,Non-protected,966,33
Collocalia linchi,Walet linci,Linchi Swiftlet,Apodidae,JENIS LAIN NON-BURUNG AIR,NE,Non-protected,934,12
Limosa lapponica,Birulaut Ekor-blorok,Bar-tailed Godwit,Scolopacidae,BURUNG PANTAI (GAJAHAN & GODWIT),NT,Non-protected,825,9
Nycticorax nycticorax,Kowakmalam Abu,Black-crowned Night Heron,Ardeidae,KUNTUL & CANGAK,LC,Non-protected,759,25
Tringa glareola,Trinil Semak,Wood Sandpiper,Scolopacidae,BURUNG PANTAI (TRINIL),LC,Non-protected,719,24
Calidris ruficollis,Kedidi Leher-Merah,Red-necked Stint,Scolopacidae,BURUNG PANTAI (KEDIDI),NT,Non-protected,611,6
Phalacrocorax sulcirostris,Pecukpadi Hitam,Little Black Cormorant,Phalacrocoracidae,PECUK & PECUK ULAR,LC,Non-protected,539,22
Numenius arquata,Gajahan Erasia,Eurasian Curlew,Scolopacidae,BURUNG PANTAI (GAJAHAN & GODWIT),NT,Protected,536,14
Plegadis falcinellus,Ibis Rokoroko,Glossy Ibis,Threskiornithidae,IBIS PELATUK BESI & IBIS SENDOK,LC,Protected,501,4
Xenus cinereus,Trinil Bedaran,Terek Sandpiper,Scolopacidae,BURUNG PANTAI (TRINIL),LC,Non-protected,498,18
Anarhynchus mongolus,Cerekpasir Mongolia,Siberian Sand Plover,Charadriidae,BURUNG PANTAI (CEREK),EN,Non-protected,439,10
Calidris ferruginea,Kedidi golgol,Curlew Sandpiper,Scolopacidae,BURUNG PANTAI (KEDIDI),VU,Non-protected,437,8
Butorides atricapilla,Kokokan Laut,Little Heron,Ardeidae,KUNTUL & CANGAK,NE,Non-protected,398,43
Anas gibberifrons,Itik Benjut,Sunda Teal,Anatidae,"BELIBIS, ITIK, & ANGSA",NT,Non-protected,361,19
Pluvialis squatarola,Cerek Besar,Grey Plover,Charadriidae,BURUNG PANTAI (CEREK),VU,Non-protected,320,18
Hirundo javanica,Layang-layang batu,Pacific Swallow,Hirundinidae,JENIS LAIN NON-BURUNG AIR,NE,Non-protected,318,27
Tringa nebularia,Trinil Kaki-hijau,Common Greenshank,Scolopacidae,BURUNG PANTAI (TRINIL),LC,Non-protected,307,20
Ardea cinerea,Cangak Abu,Grey Heron,Ardeidae,KUNTUL & CANGAK,LC,Non-protected,293,21
Lonchura punctulata,Bondol peking,Scaly-breasted Munia,Estrildidae,JENIS LAIN NON-BURUNG AIR,LC,Non-protected,290,13
Porphyrio porphyrio,Mandar Besar,Purple Swamphen,Rallidae,"AYAM-AYAMAN, MANDAR, & TIKUSAN",LC,Non-protected,288,6
Ardea purpurea,Cangak Merah,Purple Heron,Ardeidae,KUNTUL & CANGAK,LC,Non-protected,253,37
Limnodromus semipalmatus,Trinil-lumpur Asia,Asian Dowitcher,Scolopacidae,BURUNG PANTAI (TRINIL LUMPUR),NT,Protected,231,4
Acridotheres javanicus,Kerak kerbau,Javan Myna,Sturnidae,JENIS LAIN NON-BURUNG AIR,VU,Non-protected,230,14
Himantopus himantopus,Gagangbayam Belang,Black-winged Stilt,Recurvirostridae,"BURUNG PANTAI (STILT, TERIK, & WILIWILI)",NE,Protected,221,7
Todiramphus chloris,Cekakak sungai,Collared Kingfisher,Alcedinidae,JENIS LAIN NON-BURUNG AIR,NE,Non-protected,221,56
Merops philippinus,Kirik-kirik laut,Blue-tailed Bee-eater,Meropidae,JENIS LAIN NON-BURUNG AIR,LC,Non-protected,216,24
Limosa limosa,Birulaut Ekor-hitam,Black-tailed Godwit,Scolopacidae,BURUNG PANTAI (GAJAHAN & GODWIT),NT,Non-protected,215,6
Glareola maldivarum,Terik Asia,Oriental Pratincole,Glareolidae,"BURUNG PANTAI (STILT, TERIK, & WILIWILI)",LC,Protected,202,2
Lonchura maja,Bondol haji,White-headed Munia,Estrildidae,JENIS LAIN NON-BURUNG AIR,LC,Non-protected,198,9
Calidris alba,Kedidi Putih,Sanderling,Scolopacidae,BURUNG PANTAI (KEDIDI),LC,Non-protected,177,9
Mycteria cinerea,Bangau Bluwok,Milky Stork,Ciconiidae,BANGAU,EN,Protected,173,10
Amaurornis phoenicurus,Kareo Padi,White-breasted Waterhen,Rallidae,"AYAM-AYAMAN, MANDAR, & TIKUSAN",LC,Non-protected,167,40
Lonchura leucogastroides,Bondol jawa,Javan Munia,Estrildidae,JENIS LAIN NON-BURUNG AIR,LC,Non-protected,162,8
Aerodramus fuciphagus,Walet sarang-putih,Edible-nest Swiftlet,Apodidae,JENIS LAIN NON-BURUNG AIR,LC,Non-protected,158,5
Spilopelia chinensis,Tekukur biasa,Spotted Dove,Columbidae,JENIS LAIN NON-BURUNG AIR,NE,Non-protected,153,27
Treron vernans,Punai gading,Pink-necked Green Pigeon,Columbidae,JENIS LAIN NON-BURUNG AIR,LC,Non-protected,152,11
Passer montanus,Burung-gereja erasia,Eurasian Tree Sparrow,Passeridae,JENIS LAIN NON-BURUNG AIR,LC,Non-protected,140,15
Tringa brevipes,Trinil Ekor-kelabu,Grey-tailed Tattler,Scolopacidae,BURUNG PANTAI (TRINIL),LC,Non-protected,130,13
Phalaropus lobatus,Kakirumbai Kecil,Red-necked Phalarope,Scolopacidae,BURUNG PANTAI (KEDIDIR & KAKI RUMBAI),LC,Protected,122,2
Alcedo coerulescens,Raja-udang biru,Cerulean Kingfisher,Alcedinidae,JENIS LAIN NON-BURUNG AIR,LC,Non-protected,119,23
Anhinga melanogaster,Pecukular Asia,Oriental Darter,Anhingidae,PECUK & PECUK ULAR,LC,Protected,116,13
Tringa stagnatilis,Trinil Rawa,Marsh Sandpiper,Scolopacidae,BURUNG PANTAI (TRINIL),LC,Non-protected,114,8
Microcarbo niger,Pecukpadi Kecil,Little Cormorant,Phalacrocoracidae,PECUK & PECUK ULAR,LC,Non-protected,94,7
Arenaria interpres,Trinil Pembalik-batu,Ruddy Turnstone,Scolopacidae,BURUNG PANTAI (TRINIL),NT,Non-protected,91,8
Anarhynchus javanicus,Cerek jawa,Javan Plover,Charadriidae,BURUNG PANTAI (CEREK),LC,Protected,90,17
Calidris canutus,Kedidi Merah,Red Knot,Scolopacidae,BURUNG PANTAI (KEDIDI),NT,Non-protected,89,2
Leptoptilos javanicus,Bangau Tongtong,Lesser Adjutant,Ciconiidae,BANGAU,NT,Protected,87,16
Pycnonotus aurigaster,Cucak kutilang,Sooty-headed Bulbul,Pycnonotidae,JENIS LAIN NON-BURUNG AIR,LC,Non-protected,84,14
Gallinula chloropus,Mandar Batu,Common Moorhen,Rallidae,"AYAM-AYAMAN, MANDAR, & TIKUSAN",LC,Non-protected,80,7
Numenius madagascariensis,Gajahan Timur,Far Eastern Curlew,Scolopacidae,BURUNG PANTAI (GAJAHAN & GODWIT),EN,Protected,76,13
Dendrocygna arcuata,Belibis Kembang,Wandering Whistling Duck,Anatidae,"BELIBIS, ITIK, & ANGSA",LC,Non-protected,74,9
Geopelia striata,Perkutut jawa,Zebra Dove,Columbidae,JENIS LAIN NON-BURUNG AIR,LC,Non-protected,74,17
Egretta sacra,Kuntul Karang,Pacific Reef Heron,Ardeidae,KUNTUL & CANGAK,LC,Non-protected,64,16
Agropsar sturninus,Jalak cina,Daurian Starling,Sturnidae,JENIS LAIN NON-BURUNG AIR,LC,Non-protected,56,1
Rhipidura javanica,Kipasan belang,Sunda Pied Fantail,Rhipiduridae,JENIS LAIN NON-BURUNG AIR,LC,Protected,53,17
Cinnyris jugularis,Burung-madu sriganti,Garden Sunbird,Nectariniidae,JENIS LAIN NON-BURUNG AIR,NE,Non-protected,51,12
Pycnonotus goiavier,Merbah cerukcuk,Yellow-vented Bulbul,Pycnonotidae,JENIS LAIN NON-BURUNG AIR,LC,Non-protected,49,14
Artamus leucoryn,Kekep babi,White-breasted Woodswallow,Artamidae,JENIS LAIN NON-BURUNG AIR,LC,Non-protected,47,14
Poliolimnas cinereus,Tikusan Alis-putih,White-browed Crake,Rallidae,"AYAM-AYAMAN, MANDAR, & TIKUSAN",LC,Non-protected,47,11
Thinornis dubius,Cerek Kalung-kecil,Little Ringed Plover,Charadriidae,BURUNG PANTAI (CEREK),LC,Non-protected,44,6
Cisticola juncidis,Cici padi,Zitting Cisticola,Cisticolidae,JENIS LAIN NON-BURUNG AIR,LC,Non-protected,44,9
Gerygone sulphurea,Remetuk laut,Golden-bellied Gerygone,Acanthizidae,JENIS LAIN NON-BURUNG AIR,LC,Non-protected,43,13
Hirundo rustica,Layang-layang asia,Barn Swallow,Hirundinidae,JENIS LAIN NON-BURUNG AIR,LC,Non-protected,41,6
Botaurus sinensis,Bambangan Kuning,Yellow Bittern,Ardeidae,KUNTUL & CANGAK,LC,Non-protected,41,15
Haliastur indus,Elang bondol,Brahminy Kite,Accipitridae,JENIS LAIN NON-BURUNG AIR,LC,Protected,39,14
Haliaeetus leucogaster,Elang-laut perut-putih,White-bellied Sea Eagle,Accipitridae,JENIS LAIN NON-BURUNG AIR,LC,Protected,39,17
Platalea regia,Ibissendok Raja,Royal Spoonbill,Threskiornithidae,IBIS PELATUK BESI & IBIS SENDOK,LC,Protected,35,4
Botaurus cinnamomeus,Bambangan Merah,Cinnamon Bittern,Ardeidae,KUNTUL & CANGAK,LC,Non-protected,33,10
Halcyon cyanoventris,Cekakak jawa,Javan Kingfisher,Alcedinidae,JENIS LAIN NON-BURUNG AIR,LC,Non-protected,33,4
Microcarbo melanoleucos,Pecukpadi Belang,Little Pied Cormorant,Phalacrocoracidae,PECUK & PECUK ULAR,LC,Non-protected,32,7
Halcyon smyrnensis,Cekakak belukar,White-throated Kingfisher,Alcedinidae,JENIS LAIN NON-BURUNG AIR,LC,Non-protected,31,12
Dendrocygna javanica,Belibis Polos,Lesser Whistling Duck,Anatidae,"BELIBIS, ITIK, & ANGSA",LC,Non-protected,29,4
Crypsirina temia,Tangkar centrong,Racket-tailed Treepie,Corvidae,JENIS LAIN NON-BURUNG AIR,LC,Protected,28,10
Pelargopsis capensis,Pekaka emas,Stork-billed Kingfisher,Alcedinidae,JENIS LAIN NON-BURUNG AIR,LC,Non-protected,28,7
Centropus nigrorufus,Bubut jawa,Sunda Coucal,Cuculidae,JENIS LAIN NON-BURUNG AIR,VU,Protected,27,5
Aegithina tiphia,Cipoh kacat,Common Iora,Aegithinidae,JENIS LAIN NON-BURUNG AIR,LC,Non-protected,26,14
Motacilla tschutschensis,Kicuit kerbau,Eastern Yellow Wagtail,Motacillidae,JENIS LAIN NON-BURUNG AIR,LC,Non-protected,26,4
Lalage nigra,Kapasan kemiri,Pied Triller,Campephagidae,JENIS LAIN NON-BURUNG AIR,LC,Non-protected,24,7
Orthotomus sepium,Cinenen jawa,Olive-backed Tailorbird,Cisticolidae,JENIS LAIN NON-BURUNG AIR,LC,Non-protected,24,7
Collocalia esculenta,Walet sapi,Glossy Swiftlet,Apodidae,JENIS LAIN NON-BURUNG AIR,NE,Non-protected,20,2
Lichmera indistincta,Isap-madu australia,Brown Honeyeater,Meliphagidae,JENIS LAIN NON-BURUNG AIR,LC,Non-protected,20,2
Unidentified sp,Walet sp,,,JENIS LAIN NON-BURUNG AIR TAK TERIDENTIFIKASI,,Uniden,20,3
Dicaeum trochileum,Cabai jawa,Scarlet-headed Flowerpecker,Dicaeidae,JENIS LAIN NON-BURUNG AIR,LC,Non-protected,20,6
Lonchura atricapilla,Bondol rawa,Chestnut Munia,Estrildidae,JENIS LAIN NON-BURUNG AIR,LC,Non-protected,19,1
Apus nipalensis,Kapinis rumah,House Swift,Apodidae,JENIS LAIN NON-BURUNG AIR,LC,Non-protected,19,5
Anarhynchus alexandrinus,Cerek Tilil,Kentish Plover,Charadriidae,BURUNG PANTAI (CEREK),LC,Protected,18,4
Anthus rufulus,Apung sawah,Paddyfield Pipit,Motacillidae,JENIS LAIN NON-BURUNG AIR,LC,Non-protected,17,4
Centropus sinensis,Bubut besar,Greater Coucal,Cuculidae,JENIS LAIN NON-BURUNG AIR,LC,Non-protected,17,9
Ducula bicolor,Pergam laut,Pied Imperial Pigeon,Columbidae,JENIS LAIN NON-BURUNG AIR,LC,Non-protected,16,2
Centropus bengalensis,Bubut alang-alang,Lesser Coucal,Cuculidae,JENIS LAIN NON-BURUNG AIR,LC,Non-protected,16,7
Orthotomus sutorius,Cinenen pisang,Common Tailorbird,Cisticolidae,JENIS LAIN NON-BURUNG AIR,LC,Non-protected,16,7
Caprimulgus affinis,Cabak kota,Savanna Nightjar,Caprimulgidae,JENIS LAIN NON-BURUNG AIR,NE,Non-protected,14,4
Aplonis metallica,Perling ungu,Metallic Starling,Sturnidae,JENIS LAIN NON-BURUNG AIR,NE,Non-protected,14,3
Ardea sumatrana,Cangak Laut,Great-billed Heron,Ardeidae,KUNTUL & CANGAK,LC,Protected,14,10
Calidris acuminata,Kedidi Ekor-panjang,Sharp-tailed Sandpiper,Scolopacidae,BURUNG PANTAI (KEDIDI),VU,Non-protected,14,3
Prinia flaviventris,Perenjak rawa,Yellow-bellied Prinia,Cisticolidae,JENIS LAIN NON-BURUNG AIR,NE,Non-protected,14,7
Orthotomus ruficeps,Cinenen kelabu,Ashy Tailorbird,Cisticolidae,JENIS LAIN NON-BURUNG AIR,LC,Non-protected,14,4
Lonchura fuscans,Bondol kalimantan,Dusky Munia,Estrildidae,JENIS LAIN NON-BURUNG AIR,LC,Non-protected,13,3
Cacomantis merulinus,Wiwik kelabu,Plaintive Cuckoo,Cuculidae,JENIS LAIN NON-BURUNG AIR,LC,Non-protected,13,7
Gallirallus torquatus,Mandarpadi Zebra,Barred Rail,Rallidae,"AYAM-AYAMAN, MANDAR, & TIKUSAN",LC,Non-protected,13,2
Rhipidura leucophrys,Kipasan kebun,Willie Wagtail,Rhipiduridae,JENIS LAIN NON-BURUNG AIR,LC,Non-protected,13,4
Lanius schach,Bentet kelabu,Long-tailed Shrike,Laniidae,JENIS LAIN NON-BURUNG AIR,LC,Non-protected,13,3
Pericrocotus cinnamomeus,Sepah kecil,Small Minivet,Campephagidae,JENIS LAIN NON-BURUNG AIR,LC,Non-protected,13,4
Prinia inornata,Perenjak padi,Plain Prinia,Cisticolidae,JENIS LAIN NON-BURUNG AIR,LC,Non-protected,12,5
Cecropis daurica,Layang-layang loreng,Eastern Red-rumped Swallow,Hirundinidae,JENIS LAIN NON-BURUNG AIR,NE,Non-protected,12,4
Dendrocopos analis,Caladi ulam,Freckle-breasted Woodpecker,Picidae,JENIS LAIN NON-BURUNG AIR,LC,Non-protected,12,7
Lonchura pallida,Bondol kepala-pucat,Pale-headed Munia,Estrildidae,JENIS LAIN NON-BURUNG AIR,LC,Non-protected,12,2
Prinia familiaris,Perenjak jawa,Bar-winged Prinia,Cisticolidae,JENIS LAIN NON-BURUNG AIR,NT,Non-protected,12,6
Anas superciliosa,Itik Alis,Pacific Black Duck,Anatidae,"BELIBIS, ITIK, & ANGSA",LC,Non-protected,11,1
Geopelia placida,Perkutut papua,Peaceful Dove,Columbidae,JENIS LAIN NON-BURUNG AIR,LC,Non-protected,11,1
Anthreptes malacensis,Burung-madu kelapa,Brown-throated Sunbird,Nectariniidae,JENIS LAIN NON-BURUNG AIR,LC,Non-protected,10,6
Pomatostomus temporalis,Cica-papua topi-kelabu,Grey-crowned Babbler,Pomatostomidae,JENIS LAIN NON-BURUNG AIR,LC,Non-protected,10,1
Gallirallus philippensis,Mandarpadi Kalung-kuning,Buff-banded Rail,Rallidae,"AYAM-AYAMAN, MANDAR, & TIKUSAN",LC,Non-protected,10,4
Merops viridis,Kirik-kirik biru,Blue-throated Bee-eater,Meropidae,JENIS LAIN NON-BURUNG AIR,LC,Non-protected,10,2
Pandion haliaetus,Elang tiram,Osprey,Pandionidae,JENIS LAIN NON-BURUNG AIR,LC,Protected,9,6
Acrocephalus australis,Kerak-basi ramai,Australian Reed Warbler,Acrocephalidae,JENIS LAIN NON-BURUNG AIR,LC,Non-protected,9,2
Prionochilus thoracicus,Pentis kumbang,Scarlet-breasted Flowerpecker,Dicaeidae,JENIS LAIN NON-BURUNG AIR,NT,Non-protected,9,1
Picoides moluccensis,Caladi tilik,Sunda Pygmy Woodpecker,Picidae,JENIS LAIN NON-BURUNG AIR,LC,Non-protected,8,4
Lalage sueurii,Kapasan sayap-putih,White-shouldered Triller,Campephagidae,JENIS LAIN NON-BURUNG AIR,LC,Non-protected,8,2
Falco moluccensis,Alap-alap sapi,Spotted Kestrel,Falconidae,JENIS LAIN NON-BURUNG AIR,LC,Protected,8,4
Alcedo atthis,Raja-udang erasia,Common Kingfisher,Alcedinidae,JENIS LAIN NON-BURUNG AIR,LC,Non-protected,8,6
Delichon dasypus,Layang-layang rumah,Asian House Martin,Hirundinidae,JENIS LAIN NON-BURUNG AIR,LC,Non-protected,7,1
Dicaeum trigonostigma,Cabai bunga-api,Orange-bellied Flowerpecker,Dicaeidae,JENIS LAIN NON-BURUNG AIR,LC,Non-protected,7,2
Haliastur sphenurus,Elang siul,Whistling Kite,Accipitridae,JENIS LAIN NON-BURUNG AIR,LC,Protected,7,2
Synoicus ypsilophorus,Puyuh coklat,Brown Quail,Phasianidae,JENIS LAIN NON-BURUNG AIR,LC,Non-protected,7,1
Pelecanus conspicillatus,Undan Kacamata,Australian Pelican,Pelecanidae,PELIKAN/UNDAN,LC,Protected,7,2
Neochmia evangelinae,Pipit matari,Crimson Finch,Estrildidae,JENIS LAIN NON-BURUNG AIR,NE,Non-protected,7,1
Calidris subminuta,Kedidi Jari-panjang,Long-toed Stint,Scolopacidae,BURUNG PANTAI (KEDIDI),LC,Non-protected,7,3
Geopelia humeralis,Perkutut australia,Bar-shouldered Dove,Columbidae,JENIS LAIN NON-BURUNG AIR,LC,Non-protected,7,1
Alcedo meninting,Raja-udang meninting,Blue-eared Kingfisher,Alcedinidae,JENIS LAIN NON-BURUNG AIR,LC,Non-protected,7,7
Anarhynchus ruficapillus,Cerek Topi-merah,Red-capped Plover,Charadriidae,BURUNG PANTAI (CEREK),LC,Protected,7,2
Tachybaptus novaehollandiae,Titihan Australia,Australasian Grebe,Podicipedidae,TITIHAN,LC,Protected,6,2
Cinnyris frenatus,Burung-madu timur,Sahul Sunbird,Nectariniidae,JENIS LAIN NON-BURUNG AIR,NE,Non-protected,6,1
Elanus caeruleus,Elang tikus,Black-winged Kite,Accipitridae,JENIS LAIN NON-BURUNG AIR,LC,Protected,6,2
Gallinula tenebrosa,Mandar Kelam,Dusky Moorhen,Rallidae,"AYAM-AYAMAN, MANDAR, & TIKUSAN",LC,Non-protected,6,4
Lonchura nevermanni,Bondol topi-putih,Grey-crowned Mannikin,Estrildidae,JENIS LAIN NON-BURUNG AIR,LC,Non-protected,6,1
Turnix suscitator,Gemak loreng,Barred Buttonquail,Turnicidae,JENIS LAIN NON-BURUNG AIR,LC,Non-protected,6,3
Rhipidura dryas,Kipasan arafura,Arafura Fantail,Rhipiduridae,JENIS LAIN NON-BURUNG AIR,NE,Non-protected,6,1
Butorides striata,Kokokan Laut,Little Heron,Ardeidae,KUNTUL & CANGAK,NE,Non-protected,5,1
Zosterops flavus,Kacamata jawa,Javan White-eye,Zosteropidae,JENIS LAIN NON-BURUNG AIR,EN,Protected,5,1
Gracula religiosa,Tiong emas,Common Hill Myna,Sturnidae,JENIS LAIN NON-BURUNG AIR,NE,Protected,5,2
Tringa guttifer,Trinil Nordmann,Nordmann's Greenshank,Scolopacidae,BURUNG PANTAI (TRINIL),EN,Protected,5,2
Cisticola exilis,Cici merah,Golden-headed Cisticola,Cisticolidae,JENIS LAIN NON-BURUNG AIR,LC,Non-protected,5,2
Ducula spilorrhoa,Pergam laut-timur,Torresian Imperial Pigeon,Columbidae,JENIS LAIN NON-BURUNG AIR,LC,Non-protected,5,1
Philemon corniculatus,Cikukua lantang,Noisy Friarbird,Meliphagidae,JENIS LAIN NON-BURUNG AIR,LC,Non-protected,4,1
Malurus alboscapulatus,Cikrak-peri bahu-putih,White-shouldered Fairywren,Maluridae,JENIS LAIN NON-BURUNG AIR,LC,Non-protected,4,1
Motacilla cinerea,Kicuit batu,Grey Wagtail,Motacillidae,JENIS LAIN NON-BURUNG AIR,LC,Non-protected,4,2
Merops ornatus,Kirik-kirik australia,Rainbow Bee-eater,Meropidae,JENIS LAIN NON-BURUNG AIR,LC,Non-protected,4,2
Mixornis bornensis,Ciung-air coreng,Bold-striped Tit-Babbler,Timaliidae,JENIS LAIN NON-BURUNG AIR,LC,Non-protected,4,3
Unidentified Egretta/Bubulcus spp.,,,,,,,4,2
Taeniopygia guttata,Pipit zebra,Zebra Finch,Estrildidae,JENIS LAIN NON-BURUNG AIR,NE,Non-protected,4,1
Coracina papuensis,Kepudang-sungu kartula,White-bellied Cuckooshrike,Campephagidae,JENIS LAIN NON-BURUNG AIR,LC,Non-protected,4,1
Todiramphus saurophagus,Cekakak pantai,Beach Kingfisher,Alcedinidae,JENIS LAIN NON-BURUNG AIR,LC,Non-protected,3,2
Corvus enca,Gagak hutan,Sunda Crow,Corvidae,JENIS LAIN NON-BURUNG AIR,NE,Non-protected,3,2
Esacus magnirostris,Wiliwili besar,Beach Stone-curlew,Burhinidae,"BURUNG PANTAI (STILT, TERIK, & WILIWILI)",NT,Protected,3,2
Falco peregrinus,Alap-alap kawah,Peregrine Falcon,Falconidae,JENIS LAIN NON-BURUNG AIR,LC,Protected,3,3
Anorrhinus galeritus,Enggang klihingan,Bushy-crested Hornbill,Bucerotidae,JENIS LAIN NON-BURUNG AIR,NT,Protected,3,1
Malacocincla sepiaria,Pelanduk semak,Horsfield's Babbler,Pellorneidae,JENIS LAIN NON-BURUNG AIR,LC,Non-protected,3,1
Philemon buceroides,Cikukua tanduk,Helmeted Friarbird,Meliphagidae,JENIS LAIN NON-BURUNG AIR,LC,Non-protected,3,1
Sitta frontalis,Munguk beledu,Velvet-fronted Nuthatch,Sittidae,JENIS LAIN NON-BURUNG AIR,LC,Non-protected,3,2
Streptopelia bitorquata,Dederuk jawa,Sunda Collared Dove,Columbidae,JENIS LAIN NON-BURUNG AIR,LC,Non-protected,3,3
Zosterops atriceps,Kacamata halmahera,Cream-throated White-eye,Zosteropidae,JENIS LAIN NON-BURUNG AIR,LC,Non-protected,2,1
Icthyophaga ichthyaetus,Elang-ikan kepala-kelabu,Grey-headed Fish Eagle,Accipitridae,JENIS LAIN NON-BURUNG AIR,NT,Non-protected,2,1
Leptocoma aspasia,Burung-madu hitam,Black Sunbird,Nectariniidae,JENIS LAIN NON-BURUNG AIR,LC,Non-protected,2,2
Nisaetus cirrhatus,Elang brontok,Changeable Hawk-Eagle,Accipitridae,JENIS LAIN NON-BURUNG AIR,LC,Protected,2,2
Nycticorax caledonicus,Kowakmalam Merah,Nankeen Night Heron,Ardeidae,KUNTUL & CANGAK,LC,Protected,2,2
Ninox connivens,Pungguk gonggong,Barking Owl,Strigidae,JENIS LAIN NON-BURUNG AIR,NE,Non-protected,2,1
Mixornis flavicollis,Ciung-air jawa,Grey-cheeked Tit-Babbler,Timaliidae,JENIS LAIN NON-BURUNG AIR,LC,Non-protected,2,1
Synoicus chinensis,Puyuh batu,King Quail,Phasianidae,JENIS LAIN NON-BURUNG AIR,LC,Non-protected,2,1
Poodytes albolimbatus,Cica-koreng selatan,Fly River Grassbird,Locustellidae,JENIS LAIN NON-BURUNG AIR,VU,Non-protected,2,1
Pernis ptilorhynchus,Sikep-madu asia,Crested Honey Buzzard,Accipitridae,JENIS LAIN NON-BURUNG AIR,LC,Protected,2,2
Hypothymis azurea,Kehicap ranting,Black-naped Monarch,Monarchidae,JENIS LAIN NON-BURUNG AIR,LC,Non-protected,2,1
Lichmera lombokia,Isap-madu topi-sisik,Scaly-crowned Honeyeater,Meliphagidae,JENIS LAIN NON-BURUNG AIR,LC,Non-protected,2,1
Eclectus polychloros,Nuri-bayan papua,Papuan Eclectus,Psittaculidae,JENIS LAIN NON-BURUNG AIR,LC,Non-protected,2,1
Ducula aenea,Pergam hijau,Green Imperial Pigeon,Columbidae,JENIS LAIN NON-BURUNG AIR,NT,Non-protected,2,2
Cacomantis variolosus,Wiwik rimba,Sunda Brush Cuckoo,Cuculidae,JENIS LAIN NON-BURUNG AIR,NE,Non-protected,2,1
Cacomantis variolosus sepulcralis,Wiwik rimba (ras 'uncuing' sepulclaris),Sahul Brush Cuckoo,Cuculidae,JENIS LAIN NON-BURUNG AIR,NE,Non-protected,2,2
Copsychus saularis,Kucica kampung,Oriental Magpie-Robin,Muscicapidae,JENIS LAIN NON-BURUNG AIR,LC,Non-protected,2,1
Anthreptes simplex,Burung-madu polos,Plain Sunbird,Nectariniidae,JENIS LAIN NON-BURUNG AIR,LC,Non-protected,2,1
Ducula badia,Pergam gunung,Mountain Imperial Pigeon,Columbidae,JENIS LAIN NON-BURUNG AIR,LC,Non-protected,2,1
Corvus macrorhynchos,Gagak kampung,Large-billed Crow,Corvidae,JENIS LAIN NON-BURUNG AIR,NE,Non-protected,2,2
Charadrius javanicus,Cerek jawa,Javan Plover,Charadriidae,BURUNG PANTAI (CEREK),LC,Protected,2,1
Caprimulgus macrurus,Cabak maling,Large-tailed Nightjar,Caprimulgidae,JENIS LAIN NON-BURUNG AIR,LC,Non-protected,2,2
Botaurus eurhythmus,Bambangan Coklat,Von Schrenck's Bittern,Ardeidae,KUNTUL & CANGAK,LC,Protected,2,1
Merops leschenaulti,Kirik-kirik senja,Chestnut-headed Bee-eater,Meropidae,JENIS LAIN NON-BURUNG AIR,LC,Non-protected,2,2
Lonchura quinticolor,Bondol pancawarna,Five-colored Munia,Estrildidae,JENIS LAIN NON-BURUNG AIR,LC,Non-protected,2,1
Hemiprocne longipennis,Tepekong jambul,Grey-rumped Treeswift,Hemiprocnidae,JENIS LAIN NON-BURUNG AIR,LC,Non-protected,2,1
Lalage fimbriata,Kepudang-sungu kecil,Lesser Cuckooshrike,Campephagidae,JENIS LAIN NON-BURUNG AIR,LC,Non-protected,2,1
Pachycephala griseonota,Kancilan tunawarna,Drab Whistler,Pachycephalidae,JENIS LAIN NON-BURUNG AIR,LC,Non-protected,2,1
Aethopyga siparaja,Burung-madu sepah-raja,Crimson Sunbird,Nectariniidae,JENIS LAIN NON-BURUNG AIR,LC,Protected,1,1
Acrocephalus orientalis,Kerak-basi besar,Oriental Reed Warbler,Acrocephalidae,JENIS LAIN NON-BURUNG AIR,LC,Non-protected,1,1
Cyornis rufigastra,Sikatan bakau,Mangrove Blue Flycatcher,Muscicapidae,JENIS LAIN NON-BURUNG AIR,LC,Non-protected,1,1
Corvus orru,Gagak orru,Torresian Crow,Corvidae,JENIS LAIN NON-BURUNG AIR,LC,Protected,1,1
Cacomantis sonneratii,Wiwik lurik,Banded Bay Cuckoo,Cuculidae,JENIS LAIN NON-BURUNG AIR,LC,Non-protected,1,1
Centropus phasianinus,Bubut ayam,Pheasant Coucal,Cuculidae,JENIS LAIN NON-BURUNG AIR,NE,Non-protected,1,1
Centropus sp,Bubut sp,,,JENIS LAIN NON-BURUNG AIR TAK TERIDENTIFIKASI,,Uniden,1,1
Ceyx azureus,Raja-udang biru-langit,Azure Kingfisher,Alcedinidae,JENIS LAIN NON-BURUNG AIR,LC,Non-protected,1,1
Circus approximans,Elang-rawa coklat,Swamp Harrier,Accipitridae,JENIS LAIN NON-BURUNG AIR,LC,Protected,1,1
Clamator coromandus,Bubut-pacar jambul,Chestnut-winged Cuckoo,Cuculidae,JENIS LAIN NON-BURUNG AIR,LC,Protected,1,1
Calidris pugnax,Trinil Rumbai,Ruff,Scolopacidae,BURUNG PANTAI (TRINIL),LC,Non-protected,1,1
Cacatua galerita,Kakatua koki,Sulphur-crested Cockatoo,Cacatuidae,JENIS LAIN NON-BURUNG AIR,LC,Protected,1,1
Anthracoceros malayanus,Kangkareng hitam,Black Hornbill,Bucerotidae,JENIS LAIN NON-BURUNG AIR,VU,Protected,1,1
Blythipicus rubiginosus,Pelatuk pangkas,Maroon Woodpecker,Picidae,JENIS LAIN NON-BURUNG AIR,LC,Non-protected,1,1
Icthyophaga humilis,Elang-ikan kecil,Lesser Fish Eagle,Accipitridae,JENIS LAIN NON-BURUNG AIR,NT,Non-protected,1,1
Kittacincla malabarica,Kucica hutan,White-rumped Shama,Muscicapidae,JENIS LAIN NON-BURUNG AIR,NE,Non-protected,1,1
Ictinaetus malaiensis,Elang hitam,Black Eagle,Accipitridae,JENIS LAIN NON-BURUNG AIR,LC,Protected,1,1
Milvus migrans,Elang paria,Black Kite,Accipitridae,JENIS LAIN NON-BURUNG AIR,NE,Protected,1,1
Pachycephala cinerea,Kancilan bakau,Mangrove Whistler,Pachycephalidae,JENIS LAIN NON-BURUNG AIR,LC,Non-protected,1,1
Oriolus chinensis,Kepudang kuduk-hitam,Black-naped Oriole,Oriolidae,JENIS LAIN NON-BURUNG AIR,LC,Non-protected,1,1
Loriculus galgulus,Serindit melayu,Blue-crowned Hanging Parrot,Psittaculidae,JENIS LAIN NON-BURUNG AIR,LC,Protected,1,1
Psilopogon duvaucelii,Takur kuping-hitam,Blue-eared Barbet,Megalaimidae,JENIS LAIN NON-BURUNG AIR,LC,Non-protected,1,1
Phaenicophaeus sumatranus,Kadalan saweh,Chestnut-bellied Malkoha,Cuculidae,JENIS LAIN NON-BURUNG AIR,NT,Non-protected,1,1
Picoides canicapillus,Caladi belacan,Grey-capped Pygmy Woodpecker,Picidae,JENIS LAIN NON-BURUNG AIR,LC,Non-protected,1,1
Psilopogon haemacephalus,Takur ungkut-ungkut,Coppersmith Barbet,Megalaimidae,JENIS LAIN NON-BURUNG AIR,LC,Non-protected,1,1
Psilopogon mystacophanos,Takur warna-warni,Red-throated Barbet,Megalaimidae,JENIS LAIN NON-BURUNG AIR,NT,Protected,1,1
Pycnonotus brunneus,Merbah mata-merah,Asian Red-eyed Bulbul,Pycnonotidae,JENIS LAIN NON-BURUNG AIR,LC,Non-protected,1,1
Treron griseicauda,Punai penganten,Grey-cheeked Green Pigeon,Columbidae,JENIS LAIN NON-BURUNG AIR,LC,Non-protected,1,1
Sasia abnormis,Tukik tikus,Rufous Piculet,Picidae,JENIS LAIN NON-BURUNG AIR,LC,Non-protected,1,1
Surniculus lugubris,Kedasi hitam,Square-tailed Drongo-Cuckoo,Cuculidae,JENIS LAIN NON-BURUNG AIR,LC,Non-protected,1,1
Treron sp,Punai sp,,,JENIS LAIN NON-BURUNG AIR TAK TERIDENTIFIKASI,,Uniden,1,1
Trichastoma rostratum,Pelanduk dada-putih,White-chested Babbler,Pellorneidae,JENIS LAIN NON-BURUNG AIR,NT,Non-protected,1,1
Unidentified Gallinago spp.,,,,,,,1,1
Tyto alba,Serak jawa,Western Barn Owl,Tytonidae,JENIS LAIN NON-BURUNG AIR,NE,Non-protected,1,1
