nama_ilmiah,nama_indonesia,iucn,status_perlindungan_nasional,total_individu,jumlah_lokasi,gap_perlindungan
Calidris tenuirostris,Kedidi Besar,EN,Non-protected,2204,6,True
Anarhynchus mongolus,Cerekpasir Mongolia,EN,Non-protected,439,10,True
Calidris ferruginea,Kedidi golgol,VU,Non-protected,437,8,True
Pluvialis squatarola,Cerek Besar,VU,Non-protected,320,18,True
Acridotheres javanicus,Kerak kerbau,VU,Non-protected,230,14,True
Mycteria cinerea,Bangau Bluwok,EN,Protected,173,10,False
Numenius madagascariensis,Gajahan Timur,EN,Protected,76,13,False
Centropus nigrorufus,Bubut jawa,VU,Protected,27,5,False
Calidris acuminata,Kedidi Ekor-panjang,VU,Non-protected,14,3,True
Zosterops flavus,Kacamata jawa,EN,Protected,5,1,False
Tringa guttifer,Trinil Nordmann,EN,Protected,5,2,False
Poodytes albolimbatus,Cica-koreng selatan,VU,Non-protected,2,1,True
Anthracoceros malayanus,Kangkareng hitam,VU,Protected,1,1,False
