id_lokasi,nama_lokasi,provinsi,lat,lon,kekayaan_spesies,total_individu,shannon_h,evenness_j,jumlah_spesies_terancam
ID00031,Ecotourism Mangroves Wonorejo,Jawa_Timur,-7.30751932419498,112.823276465079,57,1051,2.578,0.638,3
ID01140,Lahan Basah Lanrae,Sulawesi_Barat,-3.483102,119.22536,49,1422,2.697,0.693,6
ID00994,"Dusun Bondan, Segara Anakan",Jawa_Tengah,-7.69731,108.879838,48,5518,1.156,0.299,2
ID01138,"Krayapan, Kendal",Jawa_Tengah,-6.912222,110.246176,40,336,2.879,0.78,1
ID00256,Bagan Serdang,Sumatra_Utara,3.706333,98.8305,40,10738,2.181,0.591,6
ID00056,Muara Angke Wildlife Reserve - Suaka Margasatwa Muara Angke,DKI_Jakarta,-6.11182079625819,106.768043119735,39,713,2.814,0.768,2
ID01142,TWA Gunung Selok,Jawa_Tengah,-7.688704,109.170656,37,5426,1.3,0.36,2
ID00665,Muara Sungai Serdang,Sumatra_Utara,3.70277778,98.846389,37,6384,1.921,0.532,7
ID00989,Taman Wisata Alam Mangrove Angke Kapuk,DKI_Jakarta,-6.10607999999998,106.73639,36,358,3.019,0.842,1
ID00916,"KEE Muara Kali Ijo, Kebumen",Jawa_Tengah,-7.720188167070659,109.387272310142,36,1049,1.954,0.545,1
ID00673,Ekowisata Mangrove Bagek Kembar,Nusa_Tenggara_Barat,-8.76659690836745,116.052521672998,32,210,3.102,0.895,2
ID00577,Bontang Mangrove Park,Kalimantan_Timur,0.14898,117.4954,32,108,3.113,0.898,1
ID00616,Ekowisata Muara Angke,DKI_Jakarta,-6.12231944444443,106.758688888888,32,117,3.209,0.926,0
ID01169,Yaoram,Papua_Selatan,-8.825931,140.868103,32,294,2.306,0.665,1
ID00610,Teluk Jakarta,DKI_Jakarta,-6.09876388888888,106.752066666666,30,847,2.209,0.65,2
ID00296,Angke Kapuk Protected Forest,DKI_Jakarta,-6.10243496038134,106.749764462551,30,285,2.755,0.81,1
ID00795,Kuta Mandalika,Nusa_Tenggara_Barat,-8.893471,116.282396,29,119,3.075,0.913,2
ID01192,"Salimbatu, Bulungan",Kalimantan_Utara,3.13483,117.410868,28,863,1.725,0.518,0
ID01094,Mangkang Kulon,Jawa_Tengah,-6.96610999999998,110.290290999999,28,532,1.878,0.564,0
ID01170,Hutan Kota Rorotan,DKI_Jakarta,-6.137783,106.956057,28,107,2.823,0.847,0
ID01100,Pantai Pagatan,Kalimantan_Tengah,-3.24395000000002,113.31315,27,1067,1.292,0.392,6
ID00348,Kaliwungu - Ringroad,Jawa_Tengah,-6.94944444444445,110.271388888888,26,376,2.029,0.623,0
ID01153,Inlet Oxbow Sawai,Kalimantan_Barat,0.86284,112.910861,26,200,1.999,0.613,0
ID01145,"Barong Besar, Sembilang NP",Sumatra_Selatan,-2.136353,104.8925,25,994,2.111,0.656,3
ID01089,Lagoon ITDC Nusa Dua,Bali,-8.78881020000001,115.2211691,25,335,2.145,0.667,0
ID00666,Desa Labuhan Timur - Madura,Jawa_Timur,-6.88428500000002,112.991597,25,205,1.958,0.608,1
ID01081,Desa Labuhan Barat - Madura,Jawa_Timur,-6.885556,112.982138999999,25,157,2.775,0.862,0
ID00489,"Tambak - Sungai Barong Kecil, Sembilang NP",Sumatra_Selatan,-2.17555677889433,104.889626691099,25,890,2.554,0.793,4
ID01161,Sungai Bakung Sukamara,Kalimantan_Tengah,-2.930522,110.968548,23,1271,2.382,0.76,0
ID01168,Ekowisata Mangrove Toseho,Maluku_Utara,0.349522,127.654854,22,83,2.592,0.839,2
ID00417,Pantai Bedul,Jawa_Timur,-8.604921,114.275704999999,21,149,2.511,0.825,1
ID00286,Paluh Getah,Sumatra_Utara,3.73972199999997,98.769444,20,848,2.207,0.737,2
ID00181,Rawa Pening,Jawa_Tengah,-7.268317,110.443953,20,152,2.207,0.737,0
ID00072,Muara Progo,DI_Yogyakarta,-7.97699999999998,110.216999999999,20,502,2.137,0.713,1
ID01143,"Palu Sapi, Nibung, Sembilang NP",Sumatra_Selatan,-2.000137,104.772108,19,406,2.434,0.827,4
ID01150,Oxbow Teluk Aur,Kalimantan_Barat,0.880558,112.91882,19,64,2.223,0.755,0
ID01148,"Wringinputih, Teluk Pangpang",Jawa_Timur,-8.470328,114.360697,19,624,2.052,0.697,1
ID01188,Situ Gintung,Banten,-6.3074846,106.7618963,19,83,2.583,0.877,0
ID01024,"Pantai Harapan Jaya, Muara Gembong",Jawa_Barat,-6.03499999999999,107.053,18,229,1.976,0.684,1
ID00679,Pantai Pasir Kadilangu,DI_Yogyakarta,-7.89110091445186,110.010461565228,18,90,2.684,0.929,0
ID00944,Sempayang,Kalimantan_Timur,0.210237040000012,117.485953,18,83,2.445,0.846,0
ID01157,Desa Makmur Utama,Kalimantan_Tengah,-3.22603148185791,113.365403000795,18,147,2.732,0.945,0
ID01166,Muara Sungai Toniku,Maluku_Utara,0.801852,127.621764,18,66,2.495,0.863,1
ID01167,Rawa Biru-Ntakor,Papua_Selatan,-8.769692,140.876862,17,101,1.928,0.68,0
ID01171,Pantai Pasir Malang,Jawa_Tengah,-7.859312,109.929349,17,57,2.64,0.932,0
ID01149,Danau Kedungkang,Kalimantan_Barat,0.956161,112.263312,17,23,2.728,0.963,1
ID01190,Pulau Serutu,Kalimantan_Barat,-1.72277,108.76226824,16,107,2.314,0.834,1
ID01147,Politeknik Kelautan dan Perikanan Bone,Sulawesi_Selatan,-4.481425,120.381233,16,3037,1.822,0.657,0
ID01121,Tambak Rawa Indah,Kalimantan_Timur,0.129224000000015,117.504741,16,203,1.969,0.71,2
ID01165,Muara Sungai Obaa,Maluku_Utara,0.730379,127.548006,15,104,2.209,0.816,0
ID00645,Mangrove Trail Jatipapak - TN Alas Purwo,Jawa_Timur,-8.54092641643063,114.373032195475,15,93,2.225,0.822,0
ID00588,Rawa Bento,Jambi,-1.74660955862177,101.367429691329,15,111,2.305,0.851,1
ID01122,Tambak Sei Nipah,Kalimantan_Timur,0.358190000000008,117.54778,14,58,2.066,0.783,1
ID01152,Sawah Danau Nek Aun,Kalimantan_Barat,0.864972,112.919566,14,105,2.033,0.77,0
ID00998,Alue Naga,Aceh,5.59975199999999,95.3408949999999,14,515,1.643,0.622,0
ID00082,Leuweung Sancang Nature Reserve,Jawa_Barat,-7.73358333333334,107.841527777777,13,226,1.543,0.602,1
ID00657,Pantai Plengkung - Alas Purwo NP,Jawa_Timur,-8.72609918235114,114.361985614676,13,119,2.081,0.811,1
ID00351,Tanjung Senai,Sumatra_Selatan,-3.22134642895681,104.640517302717,13,46,2.341,0.913,0
ID00206,Pantai Gasan,Sumatra_Barat,-0.600000023999995,100.099998499999,13,63,2.23,0.869,0
ID00387,Muara Sungai Sembilang - Sembilang NP,Sumatra_Selatan,-1.99850735499999,104.7065751,12,68,1.895,0.763,2
ID00424,"Pertamina, Sangkima",Kalimantan_Timur,0.374416700000006,117.525499999999,12,58,1.723,0.693,1
ID00337,Danau Limboto - Limboto Lake,Gorontalo,0.577036622604163,122.989029769772,11,91,1.772,0.739,0
ID01093,"Lampulo, Banda Aceh",Aceh,5.57976399999999,95.323105,11,255,1.422,0.593,1
ID00024,Pulau Rambut Wildlife Reserve,DKI Jakarta,-5.97554237554827,106.692163067056,11,178,1.505,0.628,1
ID01146,Danau Jaras,Kalimantan_Barat,0.847797,112.890277,11,26,2.119,0.884,0
ID01174,"Muaro Binguang, Pasaman Barat",Sumatra_Barat,-0.085924,99.767655,11,55,1.358,0.566,0
ID01156,Laut Mati - Sotimori,Nusa_Tenggara_Timur,-10.522236,123.299106,10,21,2.199,0.955,1
ID00589,Penggaraman Pantai Talise,Sulawesi_Tengah,-0.87510304143854,119.873182646905,10,37,2.151,0.934,0
ID00693,Sempayang - Kutai NP,Kalimantan_Timur,0.212,117.486,10,62,1.801,0.782,0
ID01154,Danau Ledulu,Nusa_Tenggara_Timur,-10.562558,123.349481,10,27,2.167,0.941,0
ID01158,Danau Ondui,Nusa_Tenggara_Timur,-10.5554785,123.3018317,10,55,1.958,0.85,1
ID01160,Danau Peto,Nusa_Tenggara_Timur,-10.730311,123.098103,10,40,2.096,0.91,1
ID01159,Kawasan Pusat Kebudayaan Bali,Bali,-8.569569,115.425633,10,77,1.923,0.835,0
ID00420,Bontang Kuala,Kalimantan_Timur,0.136330599999995,117.508099999999,10,59,1.726,0.75,0
ID01090,Guntung,Kalimantan_Timur,0.187,117.478,10,175,1.092,0.474,0
ID01179,Lamguron,Aceh,5.54549,95.24865,9,121,1.856,0.845,1
ID01176,"Maligi, Pasaman Barat",Sumatra_Barat,0.063205,99.628206,9,16,2.01,0.915,0
ID00123,Pulau Serangan (Turtle Island),Bali,-8.73333358799999,115.2333298,9,127,1.752,0.797,2
ID01181,"Pantai Sikabau, Pasaman Barat",Sumatra_Barat,0.148676,99.42857,8,23,1.722,0.828,1
ID01162,"Harak, Desa Daiama, Kec. Landuleko",Nusa_Tenggara_Timur,-10.593109,123.325506,8,47,1.495,0.719,1
ID01136,Pulau Sembakau Kecil,Kepulauan_Riau,1.133,104.062,8,211,0.647,0.311,1
ID01164,Pulau Pramuka,DKI_Jakarta,-5.743161,106.615028,8,20,1.782,0.857,0
ID01139,"Sambogunung, Dukun, Gresik",Jawa_Timur,-6.991669,112.502547,7,252,1.29,0.663,0
ID01028,"Jembangan, Kebumen",Jawa_Tengah,-7.65400000000001,109.772,7,150,0.611,0.314,0
ID01178,"Sasak, Pasaman Barat",Sumatra_Barat,-0.034874,99.74594,7,13,1.845,0.948,0
ID00945,Tanah Datar,Kalimantan_Timur,0.352211000000031,117.486881999999,6,32,1.064,0.594,1
ID00301,Hutan Kota Kebumen,Jawa_Tengah,-7.665,109.664,5,38,1.202,0.747,0
ID01182,Lam Pageu,Aceh,5.55405,95.23627,5,32,1.214,0.754,0
ID00415,Pulau Kelapa Dua,DKI_Jakarta,-5.648849,106.5667,5,10,1.505,0.935,0
ID01187,Waduk Jatiluhur,Jawa_Barat,-6.549727,107.385631,5,89,0.513,0.318,0
ID01184,Laweung (Krueng Bate),Aceh,5.543457,95.780919,5,155,1.174,0.73,0
ID01175,Gampong Blang,Aceh,5.54875,95.28552,5,17,1.43,0.889,0
ID01172,"Pantai Air Bangis, Pasaman Barat",Sumatra_Barat,0.200651,99.377265,5,7,1.55,0.963,0
ID01183,"Muara Sikilang, Pasaman Barat",Sumatra_Barat,0.126854,99.48972,4,6,1.33,0.959,1
ID01091,"Lambada, Aceh Besar",Aceh,5.61055600000001,95.3930829999999,4,460,0.461,0.332,0
ID00576,Kawedusan,Jawa_Tengah,-7.663,109.67,4,27,1.283,0.925,0
ID01155,Nanga Tematu,Kalimantan_Barat,1.266669,113.918622,4,74,0.642,0.463,0
ID01173,Alue Deah ,Aceh,5.5177,95.3459,4,111,1.317,0.95,0
ID01177,Kuala Giging,Aceh,5.333184,96.017718,4,1000,1.221,0.88,0
ID01195,Perairan Pulau Saktu,DKI_Jakarta,-5.555138,106.544545,3,6,1.099,1.0,0
ID01141,CA Karimata,Kalimantan_Barat,-1.612114,108.890039,3,10,1.03,0.937,0
ID01186,Pasi Lhok,Aceh,5.301549,96.062365,3,1650,0.942,0.858,0
ID01197,Perairan Pulau Yu Timur,DKI_Jakarta,-5.550058,106.530342,2,2,0.693,1.0,0
ID01180,Tegalretno,Jawa_Tengah,-7.779,109.601,2,70,0.598,0.863,0
ID01163,Kabupaten Belu,Nusa_Tenggara_Timur,-8.970124,124.897394,2,133,0.494,0.713,0
ID01193,Perairan Pulau Melinjo,DKI_Jakarta,-5.573929,106.53868,2,3,0.637,0.918,0
ID01189,Perairan Pulau Kelapa,DKI_Jakarta,-5.656213,106.569227,2,2,0.693,1.0,0
ID01191,Perairan Pulau Genteng,DKI_Jakarta,-5.617664,106.5568,2,5,0.673,0.971,0
ID00699,SP9 Distrik Tanah Miring,Papua_Selatan,-8.30079999999997,140.487975,1,2,-0.0,,0
ID01151,Pangkalan Kerinci,Riau,0.426779,101.879212,1,3,-0.0,,0
ID01194,SP3 Distrik Tanah Miring,Papua_Selatan,-8.359,140.478,1,6,-0.0,,1
ID01196,"Batu, Malang",Jawa_Timur,-7.875,112.528,1,2,-0.0,,0
ID01198,"Jatimalang, Kebumen",Jawa_Tengah,-7.663,109.68,1,30,-0.0,,0
