provinsi,wilayah,jumlah_lokasi_awc_2026,situs_penting_terdokumentasi,prioritas_survei_lanjutan
Sulawesi Tenggara,Sulawesi,0,TN Rawa Aopa Watumohai (situs Ramsar),"Tinggi (situs penting, 0 data)"
Kepulauan Bangka Belitung,Sumatera,0,,Sedang (0 data)
Bengkulu,Sumatera,0,,Sedang (0 data)
Lampung,Sumatera,0,,Sedang (0 data)
Kalimantan Selatan,Kalimantan,0,,Sedang (0 data)
Sulawesi Utara,Sulawesi,0,,Sedang (0 data)
Maluku,Maluku-Papua,0,,Sedang (0 data)
Papua,Maluku-Papua,0,,Sedang (0 data)
Papua Barat,Maluku-Papua,0,,Sedang (0 data)
Papua Tengah,Maluku-Papua,0,,Sedang (0 data)
Papua Pegunungan,Maluku-Papua,0,,Sedang (0 data)
Papua Barat Daya,Maluku-Papua,0,,Sedang (0 data)
Riau,Sumatera,1,,Sedang (data minim)
Kepulauan Riau,Sumatera,1,,Sedang (data minim)
Jambi,Sumatera,1,TN Berbak-Sembilang & Pantai Cemara (EAAFP Flyway Network Site / KEE),Sedang (data minim)
Banten,Jawa-Bali,1,,Sedang (data minim)
Kalimantan Utara,Kalimantan,1,,Sedang (data minim)
Sulawesi Tengah,Sulawesi,1,,Sedang (data minim)
Sulawesi Selatan,Sulawesi,1,,Sedang (data minim)
Gorontalo,Sulawesi,1,,Sedang (data minim)
Sulawesi Barat,Sulawesi,1,,Sedang (data minim)
DI Yogyakarta,Jawa-Bali,2,,Sedang (data minim)
Nusa Tenggara Barat,Nusa Tenggara,2,,Sedang (data minim)
Sumatera Utara,Sumatera,3,Pesisir timur Sumatera Utara (IBA sejak 2001),Rendah (cakupan cukup)
Jawa Barat,Jawa-Bali,3,,Rendah (cakupan cukup)
Bali,Jawa-Bali,3,,Rendah (cakupan cukup)
Kalimantan Tengah,Kalimantan,3,Tanjung Puting (situs Ramsar),Rendah (cakupan cukup)
Maluku Utara,Maluku-Papua,3,,Rendah (cakupan cukup)
Papua Selatan,Maluku-Papua,4,"TN Wasur (EAAFP Flyway Network Site, situs Ramsar)",Rendah (cakupan cukup)
Sumatera Selatan,Sumatera,5,TN Berbak-Sembilang & Semenanjung Banyuasin (EAAFP Flyway Network Site),Rendah (cakupan cukup)
Nusa Tenggara Timur,Nusa Tenggara,6,,Rendah (cakupan cukup)
Sumatera Barat,Sumatera,7,,Rendah (cakupan cukup)
Kalimantan Barat,Kalimantan,8,Danau Sentarum (situs Ramsar),Rendah (cakupan cukup)
Jawa Timur,Jawa-Bali,9,,Rendah (cakupan cukup)
Kalimantan Timur,Kalimantan,9,,Rendah (cakupan cukup)
Aceh,Sumatera,10,Pesisir timur Aceh Besar & Banda Aceh (IBA sejak 2001),Rendah (cakupan cukup)
Jawa Tengah,Jawa-Bali,13,,Rendah (cakupan cukup)
DKI Jakarta,Jawa-Bali,14,Suaka Margasatwa Pulau Rambut (situs Ramsar),Rendah (cakupan cukup)
