provinsi,BURUNG PANTAI (CEREK),BURUNG PANTAI (GAJAHAN & GODWIT),BURUNG PANTAI (KEDIDI),"BURUNG PANTAI (STILT, TERIK, & WILIWILI)",BURUNG PANTAI (TRINIL),JENIS LAIN NON-BURUNG AIR,KUNTUL & CANGAK,Lainnya
Sumatera Utara,0.6406232609905398,0.14123539232053423,0.1,0.0008347245409015025,0.06939343350027824,0.005787423483583751,0.028603227601558152,0.013522537562604341
Jawa Tengah,0.0010901162790697674,0.009156976744186047,0.003633720930232558,0.005305232558139535,0.023982558139534885,0.13328488372093023,0.7750726744186046,0.048473837209302324
Aceh,0.05792400370713624,0.01737720111214087,0.0,0.0,0.011816496756255792,0.010194624652455977,0.9010658016682113,0.0016218721037998146
Sulawesi Selatan,0.0,0.045110306223246625,0.0,0.0286466908133026,0.1722094171880145,0.08462298320711228,0.6628251564043464,0.006585446163977609
Jawa Timur,0.1346153846153846,0.07164404223227752,0.14441930618401205,0.0007541478129713424,0.0641025641025641,0.16968325791855204,0.37858220211161386,0.03619909502262444
DKI Jakarta,0.23895809739524349,0.004152510381275953,0.003775009437523594,0.08229520573801434,0.029067572668931674,0.28501321253303136,0.18799546998867497,0.16874292185730463
Kalimantan Tengah,0.0676056338028169,0.012877263581488933,0.3215291750503018,0.05191146881287726,0.13601609657947686,0.05271629778672032,0.2655935613682093,0.09175050301810865
Sumatera Selatan,0.15141430948419302,0.06988352745424292,0.0723793677204659,0.16930116472545756,0.1896838602329451,0.011231281198003328,0.18011647254575708,0.1559900166389351
Sulawesi Barat,0.15611814345991562,0.011954992967651195,0.17932489451476794,0.27918424753867793,0.20323488045007032,0.01969057665260197,0.09985935302390998,0.05063291139240506
Kalimantan Utara,0.0,0.002317497103128621,0.0,0.015063731170336037,0.09501738122827347,0.07879490150637311,0.7566628041714948,0.05214368482039398
Kalimantan Timur,0.09904534606205251,0.07040572792362769,0.0,0.1730310262529833,0.24105011933174225,0.17422434367541767,0.14916467780429593,0.09307875894988067
Kalimantan Barat,0.0,0.0,0.003284072249589491,0.0,0.13136288998357964,0.37766830870279144,0.46469622331691296,0.022988505747126436
DI Yogyakarta,0.21283783783783783,0.0,0.08277027027027027,0.0033783783783783786,0.19425675675675674,0.15033783783783783,0.3564189189189189,0.0
Jawa Barat,0.3474264705882353,0.06433823529411764,0.003676470588235294,0.0,0.03308823529411765,0.012867647058823529,0.4944852941176471,0.04411764705882353
Bali,0.07235621521335807,0.11131725417439703,0.0,0.0018552875695732839,0.11873840445269017,0.1038961038961039,0.2727272727272727,0.31910946196660483
Papua Selatan,0.0,0.0,0.01488833746898263,0.0,0.0,0.3027295285359802,0.019851116625310174,0.6625310173697271
Nusa Tenggara Barat,0.17325227963525835,0.03343465045592705,0.0,0.0,0.12462006079027356,0.46504559270516715,0.20364741641337386,0.0
Nusa Tenggara Timur,0.021671826625386997,0.034055727554179564,0.0,0.02476780185758514,0.018575851393188854,0.02476780185758514,0.11145510835913312,0.7647058823529411
Maluku Utara,0.02766798418972332,0.1422924901185771,0.0,0.003952569169960474,0.11462450592885376,0.6561264822134387,0.043478260869565216,0.011857707509881422
Kepulauan Riau,0.8862559241706162,0.06635071090047394,0.0,0.0,0.018957345971563982,0.0,0.02843601895734597,0.0
Sumatera Barat,0.01639344262295082,0.06557377049180328,0.06557377049180328,0.0,0.09836065573770492,0.1366120218579235,0.5737704918032787,0.04371584699453552
Jambi,0.0,0.0,0.0,0.0,0.2072072072072072,0.26126126126126126,0.24324324324324326,0.2882882882882883
Gorontalo,0.02197802197802198,0.0,0.0,0.0,0.0,0.45054945054945056,0.5164835164835165,0.01098901098901099
Banten,0.0,0.0,0.0,0.0,0.0,0.963855421686747,0.03614457831325301,0.0
Sulawesi Tengah,0.1891891891891892,0.0,0.0,0.21621621621621623,0.1891891891891892,0.0,0.2702702702702703,0.13513513513513514
Riau,1.0,0.0,0.0,0.0,0.0,0.0,0.0,0.0
