provinsi,jumlah_lokasi,rata2_kekayaan_spesies,rata2_shannon,total_individu
Sumatra_Utara,3,32.33,2.1,17970
Jawa_Tengah,13,20.85,1.52,13761
Aceh,10,6.4,1.27,4316
Sulawesi_Selatan,1,16.0,1.82,3037
Jawa_Timur,9,20.33,1.94,2652
Kalimantan_Tengah,3,22.67,2.14,2485
DKI_Jakarta,13,16.85,1.84,2475
Sumatra_Selatan,5,18.8,2.27,2404
Sulawesi_Barat,1,49.0,2.7,1422
Kalimantan_Utara,1,28.0,1.72,863
Kalimantan_Timur,9,14.22,1.89,838
Kalimantan_Barat,8,13.75,1.89,609
DI_Yogyakarta,2,19.0,2.41,592
Jawa_Barat,3,12.0,1.34,544
Bali,3,14.67,1.94,539
Papua_Selatan,4,12.75,1.06,403
Nusa_Tenggara_Barat,2,30.5,3.09,329
Nusa_Tenggara_Timur,6,8.33,1.73,323
Maluku_Utara,3,18.33,2.43,253
Kepulauan_Riau,1,8.0,0.65,211
Sumatra_Barat,7,8.14,1.72,183
DKI Jakarta,1,11.0,1.5,178
Jambi,1,15.0,2.31,111
Gorontalo,1,11.0,1.77,91
Banten,1,19.0,2.58,83
Sulawesi_Tengah,1,10.0,2.15,37
Riau,1,1.0,0.0,3
