kabupaten_kota,jumlah_lokasi,kekayaan_spesies,total_individu
Kabupaten Administrasi Kepulauan Seribu,7,14,48
Kabupaten Kapuas Hulu,6,51,492
Kabupaten Pasaman Barat,6,18,120
Kota Administrasi Jakarta Utara,6,69,2427
Kabupaten Rote Ndao,5,18,190
Kebumen,5,11,315
Kabupaten Aceh Besar,5,17,741
Kabupaten Banyuwangi,4,34,985
Kota Bontang,4,49,545
Kabupaten Banyuasin,4,31,2358
Merauke,4,41,403
Kabupaten Kutai Timur,4,34,231
Kabupaten Deli Serdang,3,48,17970
Kabupaten Pidie,3,5,2805
Kabupaten Kendal,3,59,1244
Kabupaten Badung,2,30,462
Kabupaten Cilacap,2,63,10944
Kabupaten Bangkalan,2,35,362
Kabupaten Lombok Barat,2,46,329
Kabupaten Kayong Utara,2,17,117
Kota Tidore Kepulauan,2,28,187
Kota Banda Aceh,2,20,770
Kabupaten Kulon Progo,2,30,592
Kabupaten Katingan,2,39,1214
Kabupaten Halmahera Barat,1,18,66
Kabupaten Gresik,1,7,252
Kabupaten Bekasi,1,18,229
0,1,11,178
Kabupaten Gorontalo,1,11,91
Kabupaten Gianyar,1,10,77
Kabupaten Garut,1,13,226
Kabupaten Bulungan,1,28,863
Kabupaten Belu,1,2,133
Kabupaten Bone,1,16,3037
Kabupaten Purwakarta,1,5,89
Kabupaten Polewali Mandar,1,49,1422
Kabupaten Pelalawan,1,1,3
Kabupaten Padang Pariaman,1,13,63
Kabupaten Ogan Ilir,1,13,46
Kabupaten Kerinci,1,15,111
Kabupaten Kebumen,1,36,1049
Kabupaten Sukamara,1,23,1271
Kota Batam,1,8,211
Kabupaten Purworejo,1,17,57
Kabupaten Semarang,1,20,152
Kota Palu,1,10,37
Kota Tangerang Selatan,1,19,83
Kota Surabaya,1,57,1051
Kota batu,1,1,2
Kutai Timur,1,10,62
