grid_x,grid_y,kekayaan_spesies,total_individu,jumlah_lokasi,jumlah_spesies_terancam
106.0,-7.0,72,2510,7,3
117.0,0.0,60,838,9,3
110.0,-7.0,59,1244,3,1
109.0,-8.0,57,6847,8,2
112.0,-8.0,57,1053,2,3
112.0,0.0,50,418,5,1
119.0,-4.0,49,1422,1,6
98.0,3.0,48,17970,3,7
108.0,-8.0,48,5518,1,2
116.0,-9.0,46,329,2,2
140.0,-9.0,41,403,4,2
110.0,-8.0,40,744,3,1
113.0,-4.0,39,1214,2,6
112.0,-7.0,38,614,3,1
114.0,-9.0,34,985,4,1
115.0,-9.0,34,539,3,2
127.0,0.0,34,253,3,3
104.0,-3.0,31,2290,3,5
95.0,5.0,28,1666,8,2
117.0,3.0,28,863,1,0
110.0,-3.0,23,1271,1,0
106.0,-6.0,21,226,8,1
107.0,-7.0,19,318,2,1
123.0,-11.0,18,190,5,1
108.0,-2.0,17,117,2,1
120.0,-5.0,16,3037,1,0
99.0,0.0,15,52,4,1
101.0,-2.0,15,111,1,1
104.0,-4.0,13,46,1,0
107.0,-8.0,13,226,1,1
99.0,-1.0,13,68,2,0
100.0,-1.0,13,63,1,0
104.0,-2.0,12,68,1,2
122.0,0.0,11,91,1,0
119.0,-1.0,10,37,1,0
104.0,1.0,8,211,1,1
113.0,1.0,4,74,1,0
96.0,5.0,4,2650,2,0
124.0,-9.0,2,133,1,0
101.0,0.0,1,3,1,0
